,COMPANY_NAME,REGISTERED_STATE,EMAIL_ADDR
0,ANDAMAN COCONUT AND AGRI PRODUCTS PRIVATE LIMITED,Andaman and Nicobar Islands,gauthamjai06@yahoo.co.in
1,ANDAMAN PRAGATI COCONUT PRODUCER COMPANY LIMITED,Andaman and Nicobar Islands,subbiahandco@gmail.com
2,DWEEPAM AGRI PRODUCER COMPANY LIMITED,Andaman and Nicobar Islands,primekoss@hotmail.com
3,ADHITHI MILK AND AGRI PRODUCER COMPANY LIMITED,Andaman and Nicobar Islands,subbiahandco@gmail.com
4,ANDAMAN AND NICOBAR ISLANDS FOREST AND PLANTATION DEVELOPMENT CORPORATION LIMITED..,Andaman and Nicobar Islands,babu.badat@gmail.com
5,ANDAMAN WOOD WORKS PRIVATE LIMITED.,Andaman and Nicobar Islands,vaksusi@gmail.com
6,ANDAMAN WOOD PRODUCES (INDIA) PRIVATE LIMITED,Andaman and Nicobar Islands,nirmalkaushik@hotmail.com
7,BAY ISLAND FISHERIES PRIVATE LIMITED,Andaman and Nicobar Islands,babu.badat@gmail.com
8,MADURAI MEENAKSHI FISHING COMPANY PRIVATE LIMITED,Andaman and Nicobar Islands,ROC@VLP.CO.IN
9,GATEWAY FISHING & LOGISTICS PRIVATE LIMITED,Andaman and Nicobar Islands,ROC@VLP.CO.IN
10,ANDAMAN MARINE INDUSTRIES PRIVATE LIMITED,Andaman and Nicobar Islands,
11,NOBTUN FISHERIES PRIVATE LIMITED,Andaman and Nicobar Islands,
12,ANDAMAN AND NICOBAR FISH PROCESSING PROJECT PRIVATE LIMITED,Andaman and Nicobar Islands,
13,ANDAMAN FISHERIES LIMITED,Andaman and Nicobar Islands,aniidco@gmail.com
14,OCEAN AIDS MARINE PRODUCTS PRIVATE LIMITED,Andaman and Nicobar Islands,
15,SOLOM TRADING PRIVATE LIMITED,Andaman and Nicobar Islands,subashinirubin@gmail.com
16,AQUATROPICS PRIVATE LIMITED,Andaman and Nicobar Islands,varmaspace@gmail.com
17,ANDAMAN STONE PRODUCTS PRIVATE LIMITED,Andaman and Nicobar Islands,babu.badat@gmail.com
18,IYYAN BLUE METALS PRIVATE LIMITED,Andaman and Nicobar Islands,babu.badat@gmail.com
19,ANDAMAN PAINTS PRIVATE LIMITED,Andaman and Nicobar Islands,applindia@yahoo.com
20,DOOJAIN TRADELINES PRIVATE LIMITED,Andaman and Nicobar Islands,doojainconfac@gmail.com
21,U AND I RESORTS PRIVATE LIMITED,Andaman and Nicobar Islands,babu.badat@gmail.com
22,SEA GRASS RESORTS PRIVATE LIMITED,Andaman and Nicobar Islands,gulmuhar21031986@gmail.com
23,ANDAMAN MOUNT HARRIAT RESORTS PRIVATE LIMITED,Andaman and Nicobar Islands,SKSSTALIN@REDIFFMAIL.COM
24,THE BAY ISLANDS HOTELS PRIVATE LIMITED,Andaman and Nicobar Islands,
25,HOTEL ANDAMAN SEA RESORT PRIVATE LIMITED,Andaman and Nicobar Islands,akayes123@gmail.com
26,BAY ISLAND DOLPHIN HOTEL AND TOURISM PRIVATE LIMITED,Andaman and Nicobar Islands,
27,BLUE SEA HOTELS(ANDAMANS) PRIVATE LIMITED,Andaman and Nicobar Islands,roybagchi@gmail.com
28,ANDAMAN RESORTS PRIVATE LIMITED,Andaman and Nicobar Islands,roc@vlp.co.in
29,HOTEL DHANALAKSHMI PRIVATE LIMITED.,Andaman and Nicobar Islands,roybagchi@gmail.com
30,HOTEL ABHISHEKH (ANDAMANS) PRIVATE LIMITED,Andaman and Nicobar Islands,roybagchi@gmail.com
31,ISLET FOOD PRIVATE LIMITED,Andaman and Nicobar Islands,nirmalkaushik@hotmail.com
32,HOTEL APARUPA (ANDAMANS) PRIVATE LIMITED,Andaman and Nicobar Islands,hotelaparupa@yahoo.com
33,SUN SEA RESORT PRIVATE LIMITED.,Andaman and Nicobar Islands,roybagchi@gmail.com
34,GOLDEN REST ROOM PRIVATE LIMITED,Andaman and Nicobar Islands,
35,CORAL SEA RESORT (ANDAMAN) PRIVATE LIMITED,Andaman and Nicobar Islands,ROC@VLP.CO.IN
36,HOTEL SARVOTTAM (ANDAMAN) PRIVATE LIMITED,Andaman and Nicobar Islands,roc@vlp.co.in
37,BLUE PLANET HOTELS PRIVATE LIMITED,Andaman and Nicobar Islands,ROC@VLP.CO.IN
38,ABERDEEN HOTELS & ESTATES PRIVATE LIMITED,Andaman and Nicobar Islands,roybagchi@gmail.com
39,MUNJOH RESORTS PRIVATE LIMITED,Andaman and Nicobar Islands,ROC@VLP.CO.IN
40,ANDAMAN DOWN UNDER RESORTS PRIVATE LIMITED,Andaman and Nicobar Islands,babu.badat@gmail.com
41,PRINCE HOLIDAY INN PRIVATE LIMITED,Andaman and Nicobar Islands,sagar.khurana@hotmail.com
42,BAY WATCH HOTEL & RESORT PRIVATE LIMITED,Andaman and Nicobar Islands,dabayinnandaman@rediffmail.com
43,BLUE GREEN BEACH RESORT PRIVATE LIMITED,Andaman and Nicobar Islands,ROC@VLP.CO.IN
44,BLUE GREEN VENTURES PRIVATE LIMITED,Andaman and Nicobar Islands,chendooran.pathmanathan@gmail.com
45,FALCON RESORT (INDIA) PRIVATE LIMITED,Andaman and Nicobar Islands,ROC@VLP.CO.IN
46,JADWET RESORTS AND LEISURE PRIVATE LIMITED,Andaman and Nicobar Islands,babu.badat@gmail.com
47,MANSHA HOSPITALITY AND SERVICES PRIVATE LIMITED,Andaman and Nicobar Islands,babu.badat@gmail.com
48,AKABEA RESORTS AND LEISURE PRIVATE LIMITED,Andaman and Nicobar Islands,javed.khan@msn.com
49,WHITE CORAL BEACH RESORT PRIVATE LIMITED,Andaman and Nicobar Islands,roc@vlp.co.in
50,HOLIDAY INN BEACH RESORT PRIVATE LIMITED,Andaman and Nicobar Islands,holidayinn_havelock@yahoo.in
51,HOTEL BLUE WAVES PRIVATE LIMITED,Andaman and Nicobar Islands,babu.badat@gmail.com
52,ROYAL RESORTS & LEISURE PRIVATE LIMITED,Andaman and Nicobar Islands,babu.badat@gmail.com
53,WOODQUARTER RESORTS PRIVATE LIMITED,Andaman and Nicobar Islands,susheeldixit63@gmail.com
54,SLR HOSPITALITY (ANDAMAN) PRIVATE LIMITED,Andaman and Nicobar Islands,andamanleisure@gmail.com
55,EMERALD GECKO(ANDAMANS) RESORTS PRIVATE LIMITED,Andaman and Nicobar Islands,babu.badat@gmail.com
56,JOYE GRAND HOTEL PRIVATE LIMITED,Andaman and Nicobar Islands,ROC@VLP.CO.IN
57,SHELL RESORTS PRIVATE LIMITED,Andaman and Nicobar Islands,
58,JADWET HOTELS PRIVATE LIMITED,Andaman and Nicobar Islands,babu.badat@gmail.com
59,SUDHARSHAN ECO FRIENDLY RESORTS PRIVATE LIMITED,Andaman and Nicobar Islands,ROC@VLP.CO.IN
60,HAVELOCK COCONUT LEISURE RESORT PRIVATE LIMITED,Andaman and Nicobar Islands,ajitroykr@gmail.com
61,LUSH GREEN ISLAND RESORTS AND TRADE PRIVATE LIMITED,Andaman and Nicobar Islands,pkentp@yahoo.co.in
62,SEA STAR BEACH RESORT PRIVATE LIMITED,Andaman and Nicobar Islands,babu.badat@gmail.com
63,COCONHUTS (ANDAMAN) BEACH RESORT PRIVATE LIMITED,Andaman and Nicobar Islands,babu.badat@gmail.com
64,ANDAMAN RAMTULSI PRIVATE LIMITED,Andaman and Nicobar Islands,TAMARAISELVI9@GMAIL.COM
65,HAYWIZZ ELITE HAVELOCK ISLAND RESORTS PRIVATE LIMITED,Andaman and Nicobar Islands,haywizzelite@gmail.com
66,MANIKA VINAYAGAR HOTEL PRIVATE LIMITED,Andaman and Nicobar Islands,sentnin14680@gmail.com
67,SRI PONNU SWAMY ENTERPRISES PRIVATE LIMITED,Andaman and Nicobar Islands,anburamu1988@gmail.com
68,ATOMIUM HOTELS PRIVATE LIMITED,Andaman and Nicobar Islands,nirapada321@gmail.com
69,ANDAMANS PACKERS AND MOVERS PRIVATE LIMITED,Andaman and Nicobar Islands,roc@vlp.co.in
70,HIGHTECH PISTON (KARNATAKA) LIMITED,Andaman and Nicobar Islands,
71,AMMAN POULTRY AND FEEDS PRIVATE LIMITED,Andaman and Nicobar Islands,murugang1978@gmail.com
72,ISLAND ORGANIC PRODUCER COMPANY LIMITED,Andaman and Nicobar Islands,ANDAMANCPC@GMAIL.COM
73,MAYABUNDER AGRICULTURAL PRODUCER COMPANY LIMITED,Andaman and Nicobar Islands,JAYANTANAGBOD@GMAIL.COM
74,RAMYGANS PLANTATION PRIVATE LIMITED,Andaman and Nicobar Islands,
75,ECO RESORTS PRIVATE LIMITED,Andaman and Nicobar Islands,
76,ANDAMAN AGRO PRIVATE LIMITED,Andaman and Nicobar Islands,
77,APIARY PRODUCER COMPANY LIMITED,Andaman and Nicobar Islands,ANDAMANCPC@GMAIL.COM
78,OCEANIC AGRO TECH PRIVATE LIMITED,Andaman and Nicobar Islands,babu.badat@gmail.com
79,VINOTH FEEDS AND POULTRY PRIVATE LIMITED,Andaman and Nicobar Islands,babu.badat@gmail.com
80,ILANCE DEVELOPERS PRIVATE LIMITED,Andaman and Nicobar Islands,d.umailme@rediffrnail.com
81,GENNEXT MOTORS(ANDAMANS) PRIVATE LIMITED,Andaman and Nicobar Islands,sagar.khurana@hotmail.com
82,ANDAMAN MOTORS PRIVATE LIMITED.,Andaman and Nicobar Islands,sajid@andamanmotors.com
83,DHEERAJ MOTOR PRIVATE LIMITED,Andaman and Nicobar Islands,lawflo@gmail.com
84,PREETA CARS (INDIA) PRIVATE LIMITED,Andaman and Nicobar Islands,preetacarsindiapltd@gmail.com
85,COASTAL SEAWAYS (ISLAND) PRIVATE LIMITED,Andaman and Nicobar Islands,coastalcruise@ymail.com
86,OM SAI RAM PACKERS & MOVERS PRIVATE LIMITED (OPC),Andaman and Nicobar Islands,
87,MOHAN AUTOMOTIVES PRIVATE LIMITED,Andaman and Nicobar Islands,efile.casatya@gmail.com
88,GOVINDAMMA TRADING CO PRIVATE LIMITED,Andaman and Nicobar Islands,gdmyamaha@yahoo.co.in
89,ANDAMAN & NICOBAR TECHNOLOGY LAB PRIVATE LIMITED,Andaman and Nicobar Islands,nadeemixz@gmail.com
90,AHAAN AUTOMOBILES (ANDAMAN) PRIVATE LIMITED,Andaman and Nicobar Islands,sagar.khurana@hotmail.com
91,GENNEXT HEAVY EQUIPMENTS (ANDAMANS) PRIVATE LIMITED,Andaman and Nicobar Islands,sagar.khurana@hotmail.com
92,NEXT GEN AUTOMOBILES PRIVATE LIMITED,Andaman and Nicobar Islands,vinodca@hotmail.com
93,CHANAKYA CONSULTANCY SERVICES PRIVATE LIMITED,Andaman and Nicobar Islands,ca.patel@vlp.co.in
94,RATHINA VINAYAKAR METALS PRIVATE LIMITED,Andaman and Nicobar Islands,NANDUNANDY2012@GMAIL.COM
95,ARYAN AQUA (INDIA) PRIVATE LIMITED,Andaman and Nicobar Islands,roc.casatya@gmail.com
96,ICY SPICY ICE CREAM PRIVATE LIMITED,Andaman and Nicobar Islands,rajeshbagla@gmail.com
97,JEHOVAN MARINE EXPORTS PRIVATE LIMITED,Andaman and Nicobar Islands,jsmarineseafoods@gmail.com
98,ICY SPICY FOODS PRIVATE LIMITED,Andaman and Nicobar Islands,legal@icyspicy.in
99,BLAIR FOOD PRODUCTS PRIVATE LIMITED,Andaman and Nicobar Islands,UMANG@ICYSPICY.IN
100,CALCUTTA FOOD AND BOTTLING PRIVATE LIMITED,Andaman and Nicobar Islands,ROC@VLP.CO.IN
101,ECOGEN CRYSTALLINE WATER PRIVATE LIMITED,Andaman and Nicobar Islands,ROC@VLP.CO.IN
102,A & N INDIA MARKETING SERVICES PRIVATE LIMITED,Andaman and Nicobar Islands,mca.samrat@rediffmail.com
103,KARAN TRADING (INDIA) PRIVATE LIMITED,Andaman and Nicobar Islands,pearlanil@rediffmail.com
104,VENKATESHWARA HARDWARE PRIVATE LIMITED,Andaman and Nicobar Islands,babu.badat@gmail.com
105,AKR FRESH VEG & FROZEN FOODS PRIVATE LIMITED,Andaman and Nicobar Islands,abdulkani6441@gmail.com
106,MOUNTAIN EDGE TOURS AND HOLIDAYS PRIVATE LIMITED,Andaman and Nicobar Islands,mountainedgepb@gmail.com
107,AGENCY HOUSE (A&N ISLANDS) PRIVATE LIMITED,Andaman and Nicobar Islands,ravichandransca.efile@gmail.com
108,DE MEADOWS (ANDAMANS) RESORTS PRIVATE LIMITED,Andaman and Nicobar Islands,roybagchi@gmail.com
109,NELLAIH FEEDS PRIVATE LIMITED,Andaman and Nicobar Islands,RAVICHANDRANSCA@YAHOO.COM
110,ABLE TOURISM (INDIA) PRIVATE LIMITED,Andaman and Nicobar Islands,nadeemixz@gmail.com
111,PETROFICIENT ENGINEERING SOLUTIONS LIMITED,Andaman and Nicobar Islands,aktport@gmail.com
112,NANDA AGENCY HOUSE SHIPPING SERVICES PRIVATE LIMITED,Andaman and Nicobar Islands,agencypbl@gmail.com
113,OCEAN REEFS (INDIA) PRIVATE LIMITED,Andaman and Nicobar Islands,s1982m1983@gmail.com
114,CHAKRABORTY MULTI-SPECIALITY HOSPITAL PRIVATE LIMITED,Andaman and Nicobar Islands,babu.badat@gmail.com
115,ROYAL PETROLEUM (ANDAMAN) PRIVATE LIMITED,Andaman and Nicobar Islands,ZUBI.BEGUM@GMAIL.COM
116,ANDAMAN SAFARIS PRIVATE LIMITED,Andaman and Nicobar Islands,AJAYKANDAMAN@GMAIL.COM
117,GO COOL NEXT GEN PRIVATE LIMITED,Andaman and Nicobar Islands,ROC@VLP.CO.IN
118,FEEL GOOD VENTURE PRIVATE LIMITED,Andaman and Nicobar Islands,roc.cassatya@gmail.com
119,AKSPEARLS PRIVATE LIMITED,Andaman and Nicobar Islands,AJAISONKAR@GMAIL.COM
120,SIVASELVAM STORES PRIVATE LIMITED,Andaman and Nicobar Islands,caravichandrans@gmail.com
121,K P TRADING & COMPANY PRIVATE LIMITED,Andaman and Nicobar Islands,roc.casatya@gmail.com
122,STUDENTS STORES PRIVATE LIMITED,Andaman and Nicobar Islands,
123,SEA BAY TRADELINKS PRIVATE LIMITED,Andaman and Nicobar Islands,balaji_kanneganti@rediffmail.com
124,JADWET TRADING COMPANY PRIVATE LIMITED,Andaman and Nicobar Islands,mhjadwet@hotmail.com
125,R.AKOOJI JADWET AND COMPANY PRIVATE LIMITED,Andaman and Nicobar Islands,babu.badat@gmail.com
126,SILVER SKY ENTERPRISES PRIVATE LIMITED,Andaman and Nicobar Islands,babu.badat@gmail.com
127,PRINCE STORES (TRADING) PRIVATE LIMITED,Andaman and Nicobar Islands,sagar.khurana@hotmail.com
128,SAKTHI HARDWARES PRIVATE LIMITED,Andaman and Nicobar Islands,babu.badat@gmail.com
129,SELVAM STORE PRIVATE LIMITED,Andaman and Nicobar Islands,selvam8167@gmail.com
130,ISLANDERS MARGIN FREE CANTEEN PRIVATE LIMITED,Andaman and Nicobar Islands,imfcandaman@gmail.com
131,LONSIM HARDWARES PRIVATE LIMITED,Andaman and Nicobar Islands,sblmakeinindia@gmail.com
132,KANCHIPURAM SABTHAGIRI SILKS SAREES PRIVATE LIMITED,Andaman and Nicobar Islands,sabthgirisilks@gmail.com
133,VCARE DRUGS AND PHARMACEUTICALS PRIVATE LIMITED,Andaman and Nicobar Islands,ROC@VLP.CO.IN
134,DIGITAL ARTS TECHNOLOGIES PRIVATE LIMITED,Andaman and Nicobar Islands,ROC@VLP.CO.IN
135,ROYAL DIGITAL PRINTER PRIVATE LIMITED,Andaman and Nicobar Islands,ROC@VLP.CO.IN
136,SRI MAKAABHA PAPER PRODUCTS PRIVATE LIMITED,Andaman and Nicobar Islands,karthik.katty9@gmail.com
137,ANDAMAN AND NICOBAR PUBLISHERS PRIVATE LIMITED,Andaman and Nicobar Islands,
138,GEZIRA PUBLICATIONS PRIVATE LIMITED,Andaman and Nicobar Islands,
139,GATEWAY PRODUCTIONS PRIVATE LIMITED,Andaman and Nicobar Islands,roc@vlp.co.in
140,KRG PUBLICATIONS PRIVATE LIMITED,Andaman and Nicobar Islands,krgprivatelimited@gmail.com
141,ANI NEWS AND ADVERTISING AGENCY PRIVATE LIMITED,Andaman and Nicobar Islands,JOHN09434288588@GMAIL.COM
142,ISLAND RE-ROLLING MILLS PRIVATE LIMITED,Andaman and Nicobar Islands,
143,WESTERN STEEL CONSTRUCTION PRIVATE LIMITED.,Andaman and Nicobar Islands,
144,SURYADWEEP ISPAT UDHYOG PRIVATE LIMITED,Andaman and Nicobar Islands,
145,ANDAMAN ENGINEERING & PETROLEUM AGENCIES PRIVATE LIMITED,Andaman and Nicobar Islands,
146,ANDAMAN & NICOBAR FINANCE & INVESTMENT PRIVATE LIMITED,Andaman and Nicobar Islands,bikashdas17021973@gmail.com
147,APNAR FINANCE AND CONSULTANTS (INDIA) PRIVATE LIMITED,Andaman and Nicobar Islands,
148,ANDAMAN OVERSEAS FINVEST PRIVATE LIMITED,Andaman and Nicobar Islands,
149,L M STAR AUTOTRADE PRIVATE LIMITED,Andaman and Nicobar Islands,murugang1978@gmail.com
150,ANDAMAN PROPERTIES PRIVATE LIMITED,Andaman and Nicobar Islands,mhjadwet@hotmail.com
151,MOHAN SINGH INFRASTRUCTURE(INDIA) PRIVATE LIMITED,Andaman and Nicobar Islands,roc@vlp.co.in
152,AROCKIA MADHA PROPERTIES & CONSTRUCTIONS PRIVATE LIMITED,Andaman and Nicobar Islands,babu.badat@gmail.com
153,FLYWHEEL REALTY PRIVATE LIMITED,Andaman and Nicobar Islands,NVSABITH@GMAIL.COM
154,KEC PROJECTS PRIVATE LIMITED,Andaman and Nicobar Islands,chadhakailash25@gmail.com
155,ASANS PROJECTS PRIVATE LIMITED,Andaman and Nicobar Islands,roc.casatya@gmail.com
156,ISLAND GATEWAY PROPERTY DEVELOPERS PRIVATE LIMITED,Andaman and Nicobar Islands,ROC@VLP.CO.IN
157,SWAMY VINAYAGAR REAL ESTATE PRIVATE LIMITED,Andaman and Nicobar Islands,GDURAISWAMY.DSC@GMAIL.COM
158,LUCKY HOME REAL ESTATE PRIVATE LIMITED,Andaman and Nicobar Islands,ajay500capitaltandt@gmail.com
159,HANIF INFRASTRUCTURE PRIVATE LIMITED,Andaman and Nicobar Islands,hanif.hanif755@gmail.com
160,TOTTOCRAFT TECHNOLOGIES PRIVATE LIMITED,Andaman and Nicobar Islands,roy.swapnesh@gmail.com
161,GKR TECHSOFT PRIVATE LIMITED,Andaman and Nicobar Islands,gkrtechnology@gmail.com
162,DIVYANGA TECHNOLOGY SOLUTIONS PRIVATE LIMITED,Andaman and Nicobar Islands,babu.badat@gmail.com
163,SUNNY POWER TECH PRIVATE LIMITED,Andaman and Nicobar Islands,satya_ani@sify.com
164,ANDAMAN WATERS PRIVATE LIMITED,Andaman and Nicobar Islands,captvenkat@gmail.com
165,RCS INFRASTRUCTURE PRIVATE LIMITED,Andaman and Nicobar Islands,babu.badat@gmail.com
166,MALIK INFRASTRUCTURE (INDIA) PRIVATE LIMITED,Andaman and Nicobar Islands,ROC@VLP.CO.IN
167,BHARAT MULTITECH INDUSTRIES PRIVATE LIMITED,Andaman and Nicobar Islands,babu.badat@gmail.com
168,AYUSH JOTI BUILDERS PRIVATE LIMITED,Andaman and Nicobar Islands,ROC@VLP.CO.IN
169,MADURAI MEENAKSHI CONSTRUCTION (INDIA)PRIVATE LIMITED,Andaman and Nicobar Islands,MAILVLP@AOL.COM
170,ARASI PROJECTS PRIVATE LIMITED,Andaman and Nicobar Islands,efile.casatya@gmail.com
171,SAKTHI BUILDERS (INDIA) PRIVATE LIMITED,Andaman and Nicobar Islands,babu.badat@gmail.com
172,S K S & DEVELOPERS PRIVATE LIMITED,Andaman and Nicobar Islands,roc.casatya@gmail.com
173,PRASHANTH ERECTOR AND BUILDERS PRIVATE LIMITED,Andaman and Nicobar Islands,roybagchi@gmail.com
174,LEMON HOUSING PRIVATE LIMITED,Andaman and Nicobar Islands,roc@vlp.co.in
175,ARQ PROPERTIES PRIVATE LIMITED,Andaman and Nicobar Islands,roc@vlp.co.in
176,CSE CONSTRUCTION (INDIA) PRIVATE LIMITED,Andaman and Nicobar Islands,group_engineers@rediffmail.com
177,ANDAMAN & NICOBAR MICRO FINANCE CONSULTANCY LIMITED,Andaman and Nicobar Islands,bikashdas17021973@gmail.com
178,OUR CLCTODAY PRIVATE LIMITED,Andaman and Nicobar Islands,razakhan336@gmail.com
179,SKIER PROPERTIES DEVELOPER PRIVATE LIMITED,Andaman and Nicobar Islands,ROC@VLP.CO.IN
180,LOKENATH INFRA DEVELOPER PRIVATE LIMITED,Andaman and Nicobar Islands,roc.casatya@gmail.com
181,PRASHANTH CONSTRUCTIONS AND ENGINEERING COMPANY PRIVATE LIMITED,Andaman and Nicobar Islands,
182,G.R. REAL ESTATES PRIVATE LIMITED,Andaman and Nicobar Islands,
183,S.H. REALTORS PRIVATE LIMITED,Andaman and Nicobar Islands,cababubadat@gmail.com
184,LOKENATH REAL ESTATE PRIVATE LIMITED,Andaman and Nicobar Islands,ROC@VLP.CO.IN
185,A G P CONSTRUCTIONS COMPANY PRIVATE LIMITED,Andaman and Nicobar Islands,babu.badat@gmail.com
186,KAMPS PROJECTS PRIVATE LIMITED,Andaman and Nicobar Islands,kampspbl@yahoo.com
187,ANDAMAN NIRMAN PRIVATE LIMITED,Andaman and Nicobar Islands,sriomtraders@rediffmail.com
188,HITECH CIVIL ENGINEERS PRIVATE LIMITED,Andaman and Nicobar Islands,ravichandransca@yahoo.com
189,ISLAND REALCON INDIA PRIVATE LIMITED,Andaman and Nicobar Islands,islandrealcon@gmail.com
190,ARUL EARTH MOVERS PRIVATE LIMITED,Andaman and Nicobar Islands,babu.badat@gmail.com
191,SALCON INFRA ENGINEERING PRIVATE LIMITED,Andaman and Nicobar Islands,saluja_sharnjit@rediffmail.com
192,JAYA REALTORS PRIVATE LIMITED,Andaman and Nicobar Islands,babu.badat@gmail.com
193,Z KING GLOBAL REAL ESTATE PRIVATE LIMITED,Andaman and Nicobar Islands,roybagchi@gmail.com
194,R G T CITY REAL ESTATE PRIVATE LIMITED,Andaman and Nicobar Islands,ROC@VLP.CO.IN
195,SHIKSHA CONTRACTORS AND TRADERS PRIVATE LIMITED,Andaman and Nicobar Islands,MAIL2DHARVINDER@GMAIL.COM
196,VISTARAN DEVELOPERS PRIVATE LIMITED,Andaman and Nicobar Islands,VISTARANDEVELOPERS@GMAIL.COM
197,ANDAMAN TECHNO VISION PRIVATE LIMITED,Andaman and Nicobar Islands,
198,EPAY COMPUTER SERVICES PRIVATE LIMITED,Andaman and Nicobar Islands,ROC@vlp.co.in
199,M N V INFRASTRUCTURE (INDIA) PRIVATE LIMITED,Andaman and Nicobar Islands,CA.PATEL@VLP.CO.IN
200,MANICKAM PROJECTS PRIVATE LIMITED,Andaman and Nicobar Islands,babu.badat@gmail.com
201,S K SHAKTI BUILDERS PRIVATE LIMITED,Andaman and Nicobar Islands,MAILVLP@AOL.COM
202,GCVD INFRATECH PRIVATE LIMITED,Andaman and Nicobar Islands,efile.casatya@gmail.com
203,AL VIJAY INFRASTRUCTURE PRIVATE LIMITED,Andaman and Nicobar Islands,babu.badat@gmail.com
204,R.M SATTAIAPPAN CONSTRUCTION PRIVATE LIMITED,Andaman and Nicobar Islands,babu.badat@gmail.com
205,M SUBRAMANIAM ENGINEERING PRIVATE LIMITED,Andaman and Nicobar Islands,roc.casatya@gmail.com
206,P SURYA RAO CONSTRUCTION (INDIA) PRIVATE LIMITED,Andaman and Nicobar Islands,CA.PATEL@VLP.CO.IN
207,ANID PROJECTS LIMITED,Andaman and Nicobar Islands,babu.badat@gmail.com
208,LALL INFRASTRUCTURES PRIVATE LIMITED,Andaman and Nicobar Islands,ROC@VLP.CO.IN
209,C M ROY CONSTRUCTION PRIVATE LIMITED,Andaman and Nicobar Islands,cmroycontractor@yahoo.com
210,MANICKAM CONSTRUCTIONS PRIVATE LIMITED,Andaman and Nicobar Islands,babu.badat@gmail.com
211,RAVI REALCON PRIVATE LIMITED,Andaman and Nicobar Islands,ravirealconpltd@gmail.com
212,ISLANDER HOUSING PROJECT PRIVATE LIMITED,Andaman and Nicobar Islands,imfchousing@gmail.com
213,BISWORTH CONSTRUCTIONS PRIVATE LIMITED,Andaman and Nicobar Islands,abhishekbiswas454@gmail.com
214,ANIIDA DEVELOPERS AND PROMOTERS PRIVATE LIMITED,Andaman and Nicobar Islands,ANNIIDAPVTLTD@GMAIL.COM
215,CUSP DEVELOPERS PRIVATE LIMITED,Andaman and Nicobar Islands,roseminegroup@gmail.com
216,VDR BLUE METAL PRIVATE LIMITED,Andaman and Nicobar Islands,dscindia3@gmail.com
217,AKABEA INFRASTRUCTURES PRIVATE LIMITED,Andaman and Nicobar Islands,javed@akabea.com
218,ANDAMAN BUILDSMORE PRIVATE LIMITED,Andaman and Nicobar Islands,contact@tttrading.in
219,SWATHI ANDAMAN INFRASTRUCTURE PRIVATE LIMITED,Andaman and Nicobar Islands,vivekmanian2015@gmail.com
220,HOTEL BLUE LAGOON(ANDAMAN) PRIVATE LIMITED,Andaman and Nicobar Islands,ROC@VLP.CO.IN
221,S L PROJECTS PRIVATE LIMITED,Andaman and Nicobar Islands,babu.badat@gmail.com
222,GST CONSTRUCTION PRIVATE LIMITED,Andaman and Nicobar Islands,babu.badat@gmail.com
223,SRILEKSHMIVIHAR PROPERTIES PRIVATE LIMITED,Andaman and Nicobar Islands,ROC@VLP.CO.IN
224,K C M BUILDERS AND CONSTRUCTIONS (INDIA) PRIVATE LIMITED,Andaman and Nicobar Islands,ROC@VLP.CO.IN
225,S P SHUKLA BUILDERS AND CONTRACTORS PRIVATE LIMITED,Andaman and Nicobar Islands,ROC@VLP.CO.IN
226,MM KAILASH CONSTRUCTION PRIVATE LIMITED,Andaman and Nicobar Islands,chadhakailash25@gmail.com
227,P.G EAPPEN CONSTRUCTION PRIVATE LIMITED,Andaman and Nicobar Islands,pgeappen08@gmail.com
228,MSM TECHNO PROJECTS PRIVATE LIMITED,Andaman and Nicobar Islands,ravichandransca.efile@gmail.com
229,TEJA PROJECTS PRIVATE LIMITED,Andaman and Nicobar Islands,babu.badat@gmail.com
230,A T SHANMUGAM CONSTRUCTION PRIVATE LIMITED,Andaman and Nicobar Islands,athi2683@gmail.com
231,M.R.L BUILDERS PRIVATE LIMITED,Andaman and Nicobar Islands,krishna.mrl@hotmail.com
232,PARIVAAR S. R. PRIVATE LIMITED,Andaman and Nicobar Islands,sandipbiswas20082@gmail.com
233,ARQ ADVERTISING PRIVATE LIMITED,Andaman and Nicobar Islands,bharatvermas@yahoo.com
234,NEXT GENERATION RETAIL PRIVATE LIMITED,Andaman and Nicobar Islands,roybagchi@gmail.com
235,E.M.JADWET & COMPANY PRIVATE LIMITED,Andaman and Nicobar Islands,
236,IMPERIAL AGENCIES PRIVATE LIMITED,Andaman and Nicobar Islands,akayes123@gmail.com
237,SARKAR AGENCY PRIVATE LIMITED,Andaman and Nicobar Islands,
238,EMERALD MARKETING SERVICES PRIVATE LIMITED,Andaman and Nicobar Islands,fyjgroup@hotmail.com
239,E CAVE SHOPEE PRIVATE LIMITED,Andaman and Nicobar Islands,cavineetdixit@gmail.com
240,FY TRADING COMPANY PRIVATE LIMITED,Andaman and Nicobar Islands,jadwet@hotmail.com
241,MEGAPODE TRADING COMPANY PRIVATE LIMITED,Andaman and Nicobar Islands,softech_computers@rediffmail.com
242,G.S.K.P STORES PRIVATE LIMITED,Andaman and Nicobar Islands,babu.badat@gmail.com
243,S.L ENTERPRISES PRIVATE LIMITED,Andaman and Nicobar Islands,babu.badat@gmail.com
244,KRONE ELECTRONICS PRIVATE LIMITED,Andaman and Nicobar Islands,
245,ACADEMIC CENTRE SOFTWARE AND MANAGEMENT EXCELLENCE PRIVATE LIMITED,Andaman and Nicobar Islands,
246,ANDAMAN COMPUTERS PRIVATE LIMITED,Andaman and Nicobar Islands,babu.badat@gmail.com
247,ANDAMAN INFOWAY PRIVATE LIMITED,Andaman and Nicobar Islands,
248,MULTIPLE AGENCIES PRIVATE LIMITED,Andaman and Nicobar Islands,
249,RAHMAT TRADING COMPANY PRIVATE LIMITED,Andaman and Nicobar Islands,ROC@VLP.COIN
250,K.DORAISWAMY TRADING CO.PRIVATE LIMITED,Andaman and Nicobar Islands,pblktco@bsnl.in
251,SRI KRISHNAVENI TRADING COMPANY PRIVATE LIMITED,Andaman and Nicobar Islands,pblktco@sancharnet.in
252,VISION ADVERTISING PRIVATE LIMITED,Andaman and Nicobar Islands,efile.casatya@gmail.com
253,ZAM SECURITIES PRIVATE LIMITED,Andaman and Nicobar Islands,ihbadat@gmail.com
254,ANDAMAN CLUB PRIVATE LIMITED,Andaman and Nicobar Islands,arorapb@gmail.com
255,GENEX RESORTS PRIVATE LIMITED,Andaman and Nicobar Islands,skynetfm@live.com
256,TALK AND TRIP MARKETING PRIVATE LIMITED,Andaman and Nicobar Islands,vinaykhannadiamond@gmail.com
257,ORIENT TRADING COMPANY PRIVATE LIMITED.,Andaman and Nicobar Islands,
258,ANDAMAN INDUSTRIAL ENTERPRISES PRIVATE LIMITED,Andaman and Nicobar Islands,
259,ANDAMAN AND NICOBAR ISLANDS INTEGRATED DEVELOPMENT CORPORATION LIMITED.,Andaman and Nicobar Islands,aniidco@gmail.com
260,KRISHPRATAP PLACEMENT SERVICES PRIVATE LIMITED,Andaman and Nicobar Islands,kuldeep.portblair@rediffmail.com
261,VANGUARD SHIPPING SERVICES PRIVATE LIMITED,Andaman and Nicobar Islands,ganesh1278@gamil.com
262,OCEAN TRIBE SCUBA PRIVATE LIMITED,Andaman and Nicobar Islands,ocean.tribe.scuba@gmail.com
263,BEST FOR YOU GOOD APPLIANCES PRIVATE LIMITED,Andaman and Nicobar Islands,mca@bmcgroup.in
264,ANDAMAN INNOVATIVE SYSTEMS & LOGISTICS PRIVATE LIMITED,Andaman and Nicobar Islands,isl_pb@rediffmail.com
265,DAAM UDYOG INDIA PRIVATE LIMITED,Andaman and Nicobar Islands,saidheerajsingh@gmail.com
266,MU STUDIOS PRIVATE LIMITED,Andaman and Nicobar Islands,nmkathiravan@gmail.com
267,OASIS PLAZA PRIVATE LIMITED,Andaman and Nicobar Islands,babu.badat@gmail.com
268,MARUDHU PANDIYAN SECURITY & FACILITY MANAGEMENT SERVICE PRIVATE LIMITED (OPC),Andaman and Nicobar Islands,rajendranpalaniappan@rediffmail.com
269,ANDAMAN LEISURE PRIVATE LIMITED,Andaman and Nicobar Islands,roc@vlp.co.in
270,KITE INFRATECH PRIVATE LIMITED,Andaman and Nicobar Islands,prasanna1970@gmail.com
271,DEEP SEA RESORT (ANDAMAN) PRIVATE LIMITED,Andaman and Nicobar Islands,ROC@VLP.CO.IN
272,HOLIDAY 2 ANDAMAN CORPORATE AND LEISURE TRAVELS PRIVATE LIMITED,Andaman and Nicobar Islands,holiday2andaman@gmail.com
273,ANDAMAN & NICOBAR MINERAL WATER PRIVATE LIMITED,Andaman and Nicobar Islands,RAJENDRAN.ANI24@GMAIL.COM
274,ANDAMAN SEA WONDERS PRIVATE LIMITED,Andaman and Nicobar Islands,SMJAVEDJAFRIN@GMAIL.COM
275,SAFECRACKERS TRAVEL AND EXCURSIONS INDIA (OPC) PRIVATE LIMITED,Andaman and Nicobar Islands,KARTEEK.TARUN@GMAIL.COM
276,ENCHANTING ANDAMANS TOUR (OPC) PRIVATE LIMITED,Andaman and Nicobar Islands,reachandamans@gmail.com
277,VERTIGO INFRASTRUCTURE PRIVATE LIMITED,Andaman and Nicobar Islands,SURAJSELVAM25@GMAIL.COM
278,NABAJIT REAL ESTATE PRIVATE LIMITED,Andaman and Nicobar Islands,INDRAJITMISTRY68@GMAIL.COM
279,MYUZ HOSPITALITY SERVICES PRIVATE LIMITED,Andaman and Nicobar Islands,ripos@andamanexoticholidays.com
280,SCUBA ADVENTURES PRIVATE LIMITED,Andaman and Nicobar Islands,santosh.dayarkar@gmail.com
281,BAUL & SONS PRIVATE LIMITED,Andaman and Nicobar Islands,baulindia57@gmail.com
282,ANDAMAN AIRWAYS PRIVATE LIMITED,Andaman and Nicobar Islands,nadeemixz@gmail.com
283,ANDAMAN AQUA WATER SPORTS PRIVATE LIMITED,Andaman and Nicobar Islands,SUNILMUKUL_89@REDIFFMAIL.COM
284,RUBIECUBE PRIVATE LIMITED,Andaman and Nicobar Islands,rubiecubepvtltd@gmail.com
285,COLOURS OF EMERALD ISLANDS PRIVATE LIMITED,Andaman and Nicobar Islands,ramesh@divemantra.com
286,SHADELOFT INNOVATION PRIVATE LIMITED,Andaman and Nicobar Islands,mac.seagem@gmail.com
287,MEMORIES ANDAMAN TRAVELS AND ADVENTURES PRIVATE LIMITED,Andaman and Nicobar Islands,sunilmukul_sa@rediffmail.com
288,DUGONG SERVICES PRIVATE LIMITED,Andaman and Nicobar Islands,manishraj280389@gmail.com
289,ANDAMAN SEA TREK ADVENTURES PRIVATE LIMITED,Andaman and Nicobar Islands,kd.anup@gmail.com
290,ANDAMAN GALAXY SHIP MANAGEMENT PRIVATE LIMITED,Andaman and Nicobar Islands,nvsabith@gmail.com
291,ANDAMAN REEF PRIVATE LIMITED,Andaman and Nicobar Islands,shiprabikram@yahoo.com
292,RITIKA'S DIAGNOSTIC SOLUTIONS PRIVATE LIMITED,Andaman and Nicobar Islands,solutionsdiagnostic@gmail.com
293,OFF ROAD SPORTS PRIVATE LIMITED,Andaman and Nicobar Islands,contact@andamanisland.in
294,ANDAMAN SAHA PRIVATE LIMITED,Andaman and Nicobar Islands,kawshiksaha26@gmail.com
295,YELLOWBOARD VACATIONS PRIVATE LIMITED,Andaman and Nicobar Islands,ashwin_d@live.com
296,100KEYS TRADECOM PRIVATE LIMITED,Andaman and Nicobar Islands,contact@tttrading.in
297,REEF VALLEY RESORT (OPC) PRIVATE LIMITED,Andaman and Nicobar Islands,dr.bhagirathdebnath@gmail.com
298,ADORABLE ANDAMAN LEISURE PRIVATE LIMITED,Andaman and Nicobar Islands,sunilmukul1004@gmail.com
299,ISLAND DATA SOLUTIONS PRIVATE LIMITED,Andaman and Nicobar Islands,sunshinecables@gmail.com
300,SHRINE MEDIA PRIVATE LIMITED,Andaman and Nicobar Islands,annu.ixz@gmail.com
301,EKOISLAND HOSPITALITY PRIVATE LIMITED,Andaman and Nicobar Islands,khadi999@gmail.com
302,MEENAKSHI SHIPPING SERVICES PRIVATE LIMITED,Andaman and Nicobar Islands,meenakshishipping@gmail.com
303,SEVENHILLS GOLD & SILVER PRIVATE LIMITED,Andaman and Nicobar Islands,trmurugeshan@gmail.com
304,BAY ISLANDS SHIPPING COMPANY PRIVATE LIMITED,Andaman and Nicobar Islands,
305,HINENGO LINES PRIVATE LIMITED.,Andaman and Nicobar Islands,
306,ANDAMAN SHIPPING COMPANY PRIVATE LIMITED,Andaman and Nicobar Islands,
307,SHANTI SHIPPING COMPANY LIMITED,Andaman and Nicobar Islands,
308,ISLAND MARINE TRANSPORTS PRIVATE LIMITED,Andaman and Nicobar Islands,
309,AQUA DYNAMICS PRIVATE LIMITED,Andaman and Nicobar Islands,
310,SHAJEE SHIPPING COMPANY PRIVATE LIMITED,Andaman and Nicobar Islands,
311,ANDAMAN CARGO CARRIERS PRIVATE LIMITED,Andaman and Nicobar Islands,
312,INLAND MARINE WORKS PRIVATE LIMITED,Andaman and Nicobar Islands,babu.badat@gmail.com
313,RAJ MARINE SERVICES PRIVATE LIMITED.,Andaman and Nicobar Islands,rajcocal@yahoo.co.in
314,KERSI NOBLE OCEANIC TRANSIT SYSTEMS PRIVATE LIMITED,Andaman and Nicobar Islands,
315,SAPTAGIRI SHIPPING & CO. PRIVATE LIMITED,Andaman and Nicobar Islands,
316,MAK LOGISTICS PRIVATE LIMITED,Andaman and Nicobar Islands,makpbl@yahoo.com
317,I T T LINES PRIVATE LIMITED,Andaman and Nicobar Islands,add_associates@yahoo.in
318,RAHMAT SHIPPING PRIVATE LIMITED,Andaman and Nicobar Islands,babu.badat@gmail.com
319,STAR SHIPPING LOGISTICS PRIVATE LIMITED,Andaman and Nicobar Islands,ravichandransca@yahoo.com
320,GREEN OCEAN SEAWAYS PRIVATE LIMITED,Andaman and Nicobar Islands,sunilsreedharan@gmail.com
321,SEA CABS PRIVATE LIMITED,Andaman and Nicobar Islands,NVSABITH@GMAIL.COM
322,SAKTHI SHIPPING SERVICES (INDIA) PRIVATE LIMITED,Andaman and Nicobar Islands,babu.badat@gmail.com
323,DOONGI DIVES PRIVATE LIMITED,Andaman and Nicobar Islands,ROC@vlp.co.in
324,DIVE ANDAMAN (INDIA) PRIVATE LIMITED,Andaman and Nicobar Islands,ROC@VLP.CO.IN
325,FULI AQUA PRIVATE LIMITED,Andaman and Nicobar Islands,ROC@VLP.CO.IN
326,PRASANTA SHIPPING PRIVATE LIMITED,Andaman and Nicobar Islands,NIKHILKUMARDHALI75@GMAIL.COM
327,NACHI MARINE SERVICES PRIVATE LIMITED,Andaman and Nicobar Islands,kavitaravi75@outlook.com
328,PROMILA SHIPPING PRIVATE LIMITED,Andaman and Nicobar Islands,HARILAL8485@GMAIL.COM
329,KUCHAT SHIPPING PRIVATE LIMITED,Andaman and Nicobar Islands,hsamuelkuchat@gmail.com
330,ABLE AVIATION (INDIA) PRIVATE LIMITED,Andaman and Nicobar Islands,nadeem@able-aviation.com
331,BIZ AVIATIONS AND LOGISTIC PRIVATE LIMITED,Andaman and Nicobar Islands,mahabirtradingpb@yahoo.com
332,SEA LINK AQUA VENTURES PRIVATE LIMITED,Andaman and Nicobar Islands,asif_spacelink@yahoo.com
333,ANDAMAN GAME FISHING PRIVATE LIMITED,Andaman and Nicobar Islands,babu.badat@gmail.com
334,APT LOGISTICS PRIVATE LIMITED,Andaman and Nicobar Islands,roc@vlp.co.in
335,ONLINE ANDAMAN TRAVEL PRIVATE LIMITED,Andaman and Nicobar Islands,babu.badat@gmail.com
336,ANDABAR COLD STORES PRIVATE LIMITED,Andaman and Nicobar Islands,vaksusi@gmail.com
337,SAGAR KUMARI SHIPPING PRIVATE LIMITED,Andaman and Nicobar Islands,vikaslalp@gmail.com
338,MAKE MY JOURNEY (OPC) PRIVATE LIMITED,Andaman and Nicobar Islands,IHAROY@GMAIL.COM
339,ANDAMAN EXCURSION PRIVATE LIMITED,Andaman and Nicobar Islands,babu.badat@gmail.com
340,CUSP TRAVEL SOLUTIONS PRIVATE LIMITED,Andaman and Nicobar Islands,roseminegroup@gmail.com
341,ANDAMAN BLUE QUEEN TRAVEL SOLUTIONS PRIVATE LIMITED,Andaman and Nicobar Islands,gsureshdebe@gmail.com
342,GURUGRAM SIRSA TRANSPORT PRIVATE LIMITED,Andaman and Nicobar Islands,bizpackers2011@gmail.com
343,YOUR DREAM JOURNEY PRIVATE LIMITED,Andaman and Nicobar Islands,djsajid22@gmal.com
344,BAY ISLAND TRADING AND MARINE SERVICES PRIVATE LIMITED,Andaman and Nicobar Islands,cababubadat@gmail.com
345,DOLPHIN AQUA PRODUCTS PRIVATE LIMITED,Andaman and Nicobar Islands,
346,THE SAGAR TOURS & TRAVELS PRIVATE LIMITED,Andaman and Nicobar Islands,
347,BABA TRAVELS PRIVATE LIMITED,Andaman and Nicobar Islands,
348,ISLAND TRAVELS PRIVATE LIMITED,Andaman and Nicobar Islands,islandtravels@yahoo.com
349,ANDAMAN TOURIST COTTAGE PRIVATE LIMITED,Andaman and Nicobar Islands,
350,ANDAMAN EXPLORERS PRIVATE LIMITED,Andaman and Nicobar Islands,babubadat@gmail.com
351,ANDAMAN HOLIDAYS PRIVATE LIMITED,Andaman and Nicobar Islands,dscchennai@yahoo.in
352,FC TOURS AND RESORTS PRIVATE LIMITED,Andaman and Nicobar Islands,ssaandco@yahoo.com
353,ANDAMAN WORLD TRAVELS PRIVATE LIMITED,Andaman and Nicobar Islands,andamanworldtravels@gmail.com
354,R D R TRAVEL ADVISORS PRIVATE LIMITED,Andaman and Nicobar Islands,ROC@VLP.CO.IN
355,GLOBUS AVIATION PRIVATE LIMITED,Andaman and Nicobar Islands,ROC@VLP.CO.IN
356,HEAVEN ON OCEAN TOURISM PRIVATE LIMITED,Andaman and Nicobar Islands,gauthamjai06@yahoo.co.in
357,SANDS OF ANDAMAN TRAVEL PRIVATE LIMITED,Andaman and Nicobar Islands,resrvation@sandsofandaman.com
358,WEBPORT MEDIA PRIVATE LIMITED,Andaman and Nicobar Islands,legal@webport.in
359,WELCOME ANDAMAN TRAVELS PRIVATE LIMITED,Andaman and Nicobar Islands,CONTACT@WELCOMEANDAMANISLANDS.COM
360,BLUECRAFT HOLIDAYS LEISURE (INDIA) PRIVATE LIMITED,Andaman and Nicobar Islands,BLUECRAFTHOLIDAYS@GMAIL.COM
361,WOODLAND TRAVELS PRIVATE LIMITED,Andaman and Nicobar Islands,babu.badat@gmail.com
362,ANDAMAN VISION TOUR & TRAVELS PRIVATE LIMITED,Andaman and Nicobar Islands,tanumaguha@gmail.com
363,EXPERIENCE ANDAMANS TOURS PRIVATE LIMITED,Andaman and Nicobar Islands,azhar@experienceandamans.com
364,BOND OCEAN SAFARI ANDAMAN PRIVATE LIMITED,Andaman and Nicobar Islands,sandigit@gmail.com
365,CLUB TAXI AND TRAVELS PRIVATE LIMITED,Andaman and Nicobar Islands,ashah021211@gmail.com
366,GREEN ISLANDS INSTITUTE OF COMPUTER TRAINING PRIVATE LIMITED,Andaman and Nicobar Islands,tapasroy7@gmail.com
367,TECH EDUCATION2 PRIVATE LIMITED,Andaman and Nicobar Islands,roc.casatya@gmail.com
368,VIDYA YUVAKENDRA FOUNDATION,Andaman and Nicobar Islands,subbiahandco@gmail.com
369,ROHIN'S HOSPITAL PRIVATE LIMITED,Andaman and Nicobar Islands,rohindra_lall@yahoo.com
370,WELLCARE AYURVEDALAYAM (ANDAMAN) PRIVATE LIMITED,Andaman and Nicobar Islands,andamanhealth@gmail.com
371,MALLICK CONSULTANCY PRIVATE LIMITED,Andaman and Nicobar Islands,mallickconsultancy@gmail.com
372,ANDAMAN SAVINGS AND INDUSTRIAL INVESTMENTS (INDIA) LIMITED,Andaman and Nicobar Islands,
373,YOGI FINANCE AND INVESTMENTS PRIVATE LIMITED,Andaman and Nicobar Islands,mehtakolkata@vsnl.net
374,ISLANDERS MARGIN FREE FINSERVICE PRIVATE LIMITED,Andaman and Nicobar Islands,kesavan@icai.org
375,MAINAK PROJECTS PRIVATE LIMITED,Andaman and Nicobar Islands,mainak_pbl_andamans@yahoo.co.in
376,ANDAMAN BUBBLES PRIVATE LIMITED,Andaman and Nicobar Islands,mhjadwet@hotmail.com
377,MANTRA WATER SPORTS EQUIPMENT PRIVATE LIMITED,Andaman and Nicobar Islands,roc@vlp.co.in
378,ECO DIVER INDIA PRIVATE LIMITED,Andaman and Nicobar Islands,info@ecodiver.in
379,A&N CRICKET FEDERATION,Andaman and Nicobar Islands,jainkgupta@gmail.com
380,DEGREE CELSIUS TOURISM PRIVATE LIMITED,Andaman and Nicobar Islands,cam.rat10@gmail.com
381,ANDAMAN ADVENTURE SPORTS PRIVATE LIMITED,Andaman and Nicobar Islands,
382,ANDAMAN SCUBA CLUB PRIVATE LIMITED,Andaman and Nicobar Islands,
383,HIGH SEAS SPORTS CLUB PRIVATE LIMITED (OPC),Andaman and Nicobar Islands,DRYMBEI@GMAIL.COM
384,STARFISH ADVENTURES PRIVATE LIMITED,Andaman and Nicobar Islands,tauseefrasheed21@gmail.com
385,KP GAMES AND EATERIES PRIVATE LIMITED,Andaman and Nicobar Islands,babu.badat@gmail.com
386,DIVEINDIA EXPLORER PRIVATE LIMITED,Andaman and Nicobar Islands,vnairi09@gmail.com
387,ANDAMAN ISLAND TRAVELS PRIVATE LIMITED,Andaman and Nicobar Islands,CONTACT@ANDAMANISLAND.IN
388,ANDAMAN ESCAPADES PRIVATE LIMITED,Andaman and Nicobar Islands,ROC@VLP.CO.IN
389,BIZ PACKERS AND MOVERS PRIVATE LIMITED,Andaman and Nicobar Islands,BIZPACKERS2011@GMAIL.COM
390,KUBER DHANMANTHAN MULTI LEVEL MARKETING(INDIA) PRIVATE LIMITED,Andaman and Nicobar Islands,efiling.chanakya@gmail.com
391,INCREDIBLE ANDAMAN TOURISM (INDIA) PRIVATE LIMITED,Andaman and Nicobar Islands,ROC@VLP.COM.IN
392,PGK EDUCATIONAL SERVICES PRIVATE LIMITED,Andaman and Nicobar Islands,pragatiandaman@gmail.com
393,PATROL MOBILE PRIVATE LIMITED,Andaman and Nicobar Islands,CA.PATEL@VLP.CO.IN
394,HAVELOCK ISLAND BEACH RESORT PRIVATE LIMITED,Andaman and Nicobar Islands,CONTACT@ANADAMANISLAND.IN
395,ANDAMAN ECSTASY PRIVATE LIMITED,Andaman and Nicobar Islands,esctasyandaman@gmail.com
396,ANDAMAN SEA KING PRIVATE LIMITED,Andaman and Nicobar Islands,mallickconsultancy@gmail.com
397,ORCHESTRATE HOLIDAY PRIVATE LIMITED,Andaman and Nicobar Islands,ROC@VLP.CO.IN
398,ANDAMAN SCRIBES PRIVATE LIMITED,Andaman and Nicobar Islands,ONJAISWAL@GMAIL.COM
399,NANDANAM COMMUNICATION & AUTOTRADE PRIVATE LIMITED,Andaman and Nicobar Islands,RAHULN033@GMAIL.COM
400,ANDAMAN XTASEA EVENTS PRIVATE LIMITED,Andaman and Nicobar Islands,ecstasyeventspvt.ltd@gmail.com
401,DIVE MANTRA PRIVATE LIMITED,Andaman and Nicobar Islands,ROC@VLP.CO.IN
402,PORT BLAIR SMART PROJECTS LIMITED,Andaman and Nicobar Islands,smartcityportblair@gmail.com
